Handle,Title,Body (HTML),Vendor,Standardized Product Type,Custom Product Type,Tags,Published,Option1 Name,Option1 Value,Option2 Name,Option2 Value,Option3 Name,Option3 Value,Variant SKU,Variant Grams,Variant Inventory Tracker,Variant Inventory Qty,Variant Inventory Policy,Variant Fulfillment Service,Variant Price,Variant Compare At Price,Variant Requires Shipping,Variant Taxable,Variant Barcode,Image Src,Image Position,Image Alt Text,Gift Card,SEO Title,SEO Description,Google Shopping / Google Product Category,Google Shopping / Gender,Google Shopping / Age Group,Google Shopping / MPN,Google Shopping / AdWords Grouping,Google Shopping / AdWords Labels,Google Shopping / Condition,Google Shopping / Custom Product,Google Shopping / Custom Label 0,Google Shopping / Custom Label 1,Google Shopping / Custom Label 2,Google Shopping / Custom Label 3,Google Shopping / Custom Label 4,Variant Image,Variant Weight Unit,Variant Tax Code,Cost per item,Status
dry-dog-food-small-paws-1,Dry Dog Food Small Paws,"<span data-mce-fragment=""1"">Ziggy’s Pro Conditioner provides the ultimate tangle free conditioning to create the ultimate comfort for your dogs after being shampooed. The Pro Conditioner also utilizes our blend of chamomile and oatmeal extracts to provide a soothing anti-itch effect, our signature deodorizer to provide a long lasting clean, and the same fresh and clean fragrance as our Pro Shampoo. It also contains a unique blend of naturally derived ingredients to create a luxurious finish to the coat, strengthens and protects fur, helps hydrate skin, and provide anti-static properties to prevent flyaway.</span>",Ap Ziggypet,,,"",true,Title,Default Title,,,,,"",0.0,shopify,3,deny,manual,139.00,140.00,true,true,"",https://cdn.shopify.com/s/files/1/0646/5434/4412/products/product-5-2_d9bfc6f6-9d8b-460e-9902-a6f082b389f4.jpg?v=1657079008,1,,false,,,,,,,,,,,,,,,,,kg,,,active
dry-dog-food-small-paws-1,,,,,,,,,,,,,,,,,,,,,,,,,https://cdn.shopify.com/s/files/1/0646/5434/4412/products/product-5-3_8eb86d39-0510-4c62-b09e-468c9bd94df4.jpg?v=1657079009,2,,,,,,,,,,,,,,,,,,,,,,
dry-dog-food-small-paws-1,,,,,,,,,,,,,,,,,,,,,,,,,https://cdn.shopify.com/s/files/1/0646/5434/4412/products/product-6-1_f2d8d201-f233-4f0c-b892-22782610f07a.jpg?v=1657079009,3,,,,,,,,,,,,,,,,,,,,,,
dry-dog-food-small-paws-1,,,,,,,,,,,,,,,,,,,,,,,,,https://cdn.shopify.com/s/files/1/0646/5434/4412/products/product-6-2_cf5aed63-c1cb-4e80-903c-2f28b66d3577.jpg?v=1657079009,4,,,,,,,,,,,,,,,,,,,,,,
dry-dog-food-small-paws-1,,,,,,,,,,,,,,,,,,,,,,,,,https://cdn.shopify.com/s/files/1/0646/5434/4412/products/product-6-3_feea6c2d-a3b3-4610-b048-2c48f03067d1.jpg?v=1657079009,5,,,,,,,,,,,,,,,,,,,,,,
dry-dog-food-small-paws-1,,,,,,,,,,,,,,,,,,,,,,,,,https://cdn.shopify.com/s/files/1/0646/5434/4412/products/product-7-1_2ea6094b-447b-46a7-b703-d64f6eb97876.jpg?v=1657079009,6,,,,,,,,,,,,,,,,,,,,,,
dry-dog-food-small-paws-1,,,,,,,,,,,,,,,,,,,,,,,,,https://cdn.shopify.com/s/files/1/0646/5434/4412/products/product-7-2.jpg?v=1657079009,7,,,,,,,,,,,,,,,,,,,,,,
perfect-for-vet-visits-traveling,Perfect for Vet Visits Traveling,"<span data-mce-fragment=""1"">Ziggy’s Pro Conditioner provides the ultimate tangle free conditioning to create the ultimate comfort for your dogs after being shampooed. The Pro Conditioner also utilizes our blend of chamomile and oatmeal extracts to provide a soothing anti-itch effect, our signature deodorizer to provide a long lasting clean, and the same fresh and clean fragrance as our Pro Shampoo. It also contains a unique blend of naturally derived ingredients to create a luxurious finish to the coat, strengthens and protects fur, helps hydrate skin, and provide anti-static properties to prevent flyaway.</span>",Ap Ziggypet,,,"",true,Title,Default Title,,,,,"",0.0,shopify,9,deny,manual,35.00,,true,true,"",https://cdn.shopify.com/s/files/1/0646/5434/4412/products/product-9-1_d43615d6-74d5-44e5-83bf-82bad8050b69.jpg?v=1657079162,1,,false,,,,,,,,,,,,,,,,,kg,,,active
perfect-for-vet-visits-traveling,,,,,,,,,,,,,,,,,,,,,,,,,https://cdn.shopify.com/s/files/1/0646/5434/4412/products/product-9-2_e6afe719-cc2c-44b5-a0f6-4f2b943671ed.jpg?v=1657079162,2,,,,,,,,,,,,,,,,,,,,,,
perfect-for-vet-visits-traveling,,,,,,,,,,,,,,,,,,,,,,,,,https://cdn.shopify.com/s/files/1/0646/5434/4412/products/product-9-3_25be0a40-cb5f-4f1d-bc67-c2bd63457ed5.jpg?v=1657079162,3,,,,,,,,,,,,,,,,,,,,,,
perfect-for-vet-visits-traveling,,,,,,,,,,,,,,,,,,,,,,,,,https://cdn.shopify.com/s/files/1/0646/5434/4412/products/product-11-1_dfb097b0-d588-4e30-9ae7-fd14a8f21163.jpg?v=1657079162,4,,,,,,,,,,,,,,,,,,,,,,
perfect-for-vet-visits-traveling,,,,,,,,,,,,,,,,,,,,,,,,,https://cdn.shopify.com/s/files/1/0646/5434/4412/products/product-13-1_83a68ec2-5e57-434e-850e-96414d5a57cc.jpg?v=1657079162,5,,,,,,,,,,,,,,,,,,,,,,
perfect-for-vet-visits-traveling,,,,,,,,,,,,,,,,,,,,,,,,,https://cdn.shopify.com/s/files/1/0646/5434/4412/products/product-15-1_f6004257-5f2d-4617-8f12-a6cd8b6b3511.jpg?v=1657079162,6,,,,,,,,,,,,,,,,,,,,,,
perfect-for-vet-visits-traveling,,,,,,,,,,,,,,,,,,,,,,,,,https://cdn.shopify.com/s/files/1/0646/5434/4412/products/product-16-1_f833cbd0-b65d-4710-a181-2205d54c640f.jpg?v=1657079162,7,,,,,,,,,,,,,,,,,,,,,,
perfect-for-vet-visits-traveling,,,,,,,,,,,,,,,,,,,,,,,,,https://cdn.shopify.com/s/files/1/0646/5434/4412/products/product-17-1.jpg?v=1657079162,8,,,,,,,,,,,,,,,,,,,,,,
fur-donut-cuddler-dog-bed,Fur Donut Cuddler Dog Bed,"<span data-mce-fragment=""1"">Ziggy’s Pro Conditioner provides the ultimate tangle free conditioning to create the ultimate comfort for your dogs after being shampooed. The Pro Conditioner also utilizes our blend of chamomile and oatmeal extracts to provide a soothing anti-itch effect, our signature deodorizer to provide a long lasting clean, and the same fresh and clean fragrance as our Pro Shampoo. It also contains a unique blend of naturally derived ingredients to create a luxurious finish to the coat, strengthens and protects fur, helps hydrate skin, and provide anti-static properties to prevent flyaway.</span>",Ap Ziggypet,,,"",true,Title,Default Title,,,,,"",0.0,shopify,0,deny,manual,14.50,21.00,true,true,"",https://cdn.shopify.com/s/files/1/0646/5434/4412/products/product-5-3_18a48f6a-62a7-42ef-b5e9-6e453127d47b.jpg?v=1657079039,1,,false,,,,,,,,,,,,,,,,,kg,,,active
fur-donut-cuddler-dog-bed,,,,,,,,,,,,,,,,,,,,,,,,,https://cdn.shopify.com/s/files/1/0646/5434/4412/products/product-6-1_00107953-e275-4440-97ec-a44e528bb82f.jpg?v=1657079039,2,,,,,,,,,,,,,,,,,,,,,,
fur-donut-cuddler-dog-bed,,,,,,,,,,,,,,,,,,,,,,,,,https://cdn.shopify.com/s/files/1/0646/5434/4412/products/product-6-2_17c84ec5-409c-4583-8e72-38e20de6140b.jpg?v=1657079039,3,,,,,,,,,,,,,,,,,,,,,,
fur-donut-cuddler-dog-bed,,,,,,,,,,,,,,,,,,,,,,,,,https://cdn.shopify.com/s/files/1/0646/5434/4412/products/product-6-3_eb0e8992-f698-4329-858c-5d6a13f19166.jpg?v=1657079039,4,,,,,,,,,,,,,,,,,,,,,,
fur-donut-cuddler-dog-bed,,,,,,,,,,,,,,,,,,,,,,,,,https://cdn.shopify.com/s/files/1/0646/5434/4412/products/product-7-1_9444dbfa-377c-48a2-92f4-28590806cbf2.jpg?v=1657079040,5,,,,,,,,,,,,,,,,,,,,,,
fur-donut-cuddler-dog-bed,,,,,,,,,,,,,,,,,,,,,,,,,https://cdn.shopify.com/s/files/1/0646/5434/4412/products/product-7-2_949ac282-c642-4640-9074-1452a3d2b054.jpg?v=1657079040,6,,,,,,,,,,,,,,,,,,,,,,
fur-donut-cuddler-dog-bed,,,,,,,,,,,,,,,,,,,,,,,,,https://cdn.shopify.com/s/files/1/0646/5434/4412/products/product-7-3.jpg?v=1657079040,7,,,,,,,,,,,,,,,,,,,,,,
fur-donut-cuddler-dog-bed,,,,,,,,,,,,,,,,,,,,,,,,,https://cdn.shopify.com/s/files/1/0646/5434/4412/products/product-9-1.jpg?v=1657079040,8,,,,,,,,,,,,,,,,,,,,,,
pet-supplements-for-dog,Pet Supplements for Dog,"<span data-mce-fragment=""1"">Ziggy’s Pro Conditioner provides the ultimate tangle free conditioning to create the ultimate comfort for your dogs after being shampooed. The Pro Conditioner also utilizes our blend of chamomile and oatmeal extracts to provide a soothing anti-itch effect, our signature deodorizer to provide a long lasting clean, and the same fresh and clean fragrance as our Pro Shampoo. It also contains a unique blend of naturally derived ingredients to create a luxurious finish to the coat, strengthens and protects fur, helps hydrate skin, and provide anti-static properties to prevent flyaway.</span>",Ap Ziggypet,,,"",true,Title,Default Title,,,,,"",0.0,shopify,12,deny,manual,25.00,29.00,true,true,"",https://cdn.shopify.com/s/files/1/0646/5434/4412/products/product-9-2_ce0f9bee-6ec6-4479-a93d-fa1a4e005897.jpg?v=1657079210,1,,false,,,,,,,,,,,,,,,,,kg,,,active
pet-supplements-for-dog,,,,,,,,,,,,,,,,,,,,,,,,,https://cdn.shopify.com/s/files/1/0646/5434/4412/products/product-9-3_d7fa83cc-a333-4715-a050-a2d9117c53d5.jpg?v=1657079210,2,,,,,,,,,,,,,,,,,,,,,,
pet-supplements-for-dog,,,,,,,,,,,,,,,,,,,,,,,,,https://cdn.shopify.com/s/files/1/0646/5434/4412/products/product-11-1_b2651515-3e7e-4eba-8e26-9644b208a686.jpg?v=1657079210,3,,,,,,,,,,,,,,,,,,,,,,
pet-supplements-for-dog,,,,,,,,,,,,,,,,,,,,,,,,,https://cdn.shopify.com/s/files/1/0646/5434/4412/products/product-13-1_8f9f6a17-1175-43a3-a239-5488d24500c8.jpg?v=1657079210,4,,,,,,,,,,,,,,,,,,,,,,
pet-supplements-for-dog,,,,,,,,,,,,,,,,,,,,,,,,,https://cdn.shopify.com/s/files/1/0646/5434/4412/products/product-15-1_9ea6e63b-5776-473f-a79c-e73326784f55.jpg?v=1657079210,5,,,,,,,,,,,,,,,,,,,,,,
pet-supplements-for-dog,,,,,,,,,,,,,,,,,,,,,,,,,https://cdn.shopify.com/s/files/1/0646/5434/4412/products/product-16-1_40f70fee-e0e2-42f5-8cce-1029b2cc5668.jpg?v=1657079210,6,,,,,,,,,,,,,,,,,,,,,,
pet-supplements-for-dog,,,,,,,,,,,,,,,,,,,,,,,,,https://cdn.shopify.com/s/files/1/0646/5434/4412/products/product-17-1_54b08a16-1f53-4c28-be09-1f62215ae541.jpg?v=1657079210,7,,,,,,,,,,,,,,,,,,,,,,
dander-reducing-foam,Dander Reducing Foam,"<span data-mce-fragment=""1"">Ziggy’s Pro Conditioner provides the ultimate tangle free conditioning to create the ultimate comfort for your dogs after being shampooed. The Pro Conditioner also utilizes our blend of chamomile and oatmeal extracts to provide a soothing anti-itch effect, our signature deodorizer to provide a long lasting clean, and the same fresh and clean fragrance as our Pro Shampoo. It also contains a unique blend of naturally derived ingredients to create a luxurious finish to the coat, strengthens and protects fur, helps hydrate skin, and provide anti-static properties to prevent flyaway.</span>",Ap Ziggypet,,,"",true,Title,Default Title,,,,,"",0.0,shopify,20,deny,manual,19.00,23.00,true,true,"",https://cdn.shopify.com/s/files/1/0646/5434/4412/products/product-5-1_b02a6fb8-b321-4560-865c-e25db8ed5332.jpg?v=1657078403,1,,false,,,,,,,,,,,,,,,,,kg,,,active
dander-reducing-foam,,,,,,,,,,,,,,,,,,,,,,,,,https://cdn.shopify.com/s/files/1/0646/5434/4412/products/product-5-2_07e8b021-0cae-43aa-842d-9601d7aa9167.jpg?v=1657078403,2,,,,,,,,,,,,,,,,,,,,,,
dander-reducing-foam,,,,,,,,,,,,,,,,,,,,,,,,,https://cdn.shopify.com/s/files/1/0646/5434/4412/products/product-5-3_454bdb7a-5470-4294-8734-9a6849fdd5a9.jpg?v=1657078403,3,,,,,,,,,,,,,,,,,,,,,,
dander-reducing-foam,,,,,,,,,,,,,,,,,,,,,,,,,https://cdn.shopify.com/s/files/1/0646/5434/4412/products/product-6-1_d5912d5d-c266-46c6-8084-3fe73447f88a.jpg?v=1657078403,4,,,,,,,,,,,,,,,,,,,,,,
dander-reducing-foam,,,,,,,,,,,,,,,,,,,,,,,,,https://cdn.shopify.com/s/files/1/0646/5434/4412/products/product-6-2_ee160b5c-7e93-4644-bd09-215b94f49e73.jpg?v=1657078404,5,,,,,,,,,,,,,,,,,,,,,,
dander-reducing-foam,,,,,,,,,,,,,,,,,,,,,,,,,https://cdn.shopify.com/s/files/1/0646/5434/4412/products/product-6-3_3b27a8f6-b7c0-4607-adc9-9e14f9e8002e.jpg?v=1657078404,6,,,,,,,,,,,,,,,,,,,,,,
dander-reducing-foam,,,,,,,,,,,,,,,,,,,,,,,,,https://cdn.shopify.com/s/files/1/0646/5434/4412/products/product-7-1.jpg?v=1657078404,7,,,,,,,,,,,,,,,,,,,,,,
acana-mini-medium-breed,Acana Mini & Medium Breed,"<span data-mce-fragment=""1"">Ziggy’s Pro Conditioner provides the ultimate tangle free conditioning to create the ultimate comfort for your dogs after being shampooed. The Pro Conditioner also utilizes our blend of chamomile and oatmeal extracts to provide a soothing anti-itch effect, our signature deodorizer to provide a long lasting clean, and the same fresh and clean fragrance as our Pro Shampoo. It also contains a unique blend of naturally derived ingredients to create a luxurious finish to the coat, strengthens and protects fur, helps hydrate skin, and provide anti-static properties to prevent flyaway.</span>",Ap Ziggypet,,,"",true,Size,S,,,,,"",0.0,shopify,2,deny,manual,16.00,19.00,true,true,"",https://cdn.shopify.com/s/files/1/0646/5434/4412/products/product-4-1.jpg?v=1657078112,1,,false,,,,,,,,,,,,,,,,,kg,,,active
acana-mini-medium-breed,,,,,,,,,M,,,,,"",0.0,shopify,0,deny,manual,17.00,19.00,true,true,"",https://cdn.shopify.com/s/files/1/0646/5434/4412/products/product-4-2.jpg?v=1657078112,2,,,,,,,,,,,,,,,,,,,kg,,,
acana-mini-medium-breed,,,,,,,,,L,,,,,"",0.0,shopify,0,deny,manual,18.00,19.00,true,true,"",https://cdn.shopify.com/s/files/1/0646/5434/4412/products/product-4-3.jpg?v=1657078113,3,,,,,,,,,,,,,,,,,,,kg,,,
acana-mini-medium-breed,,,,,,,,,,,,,,,,,,,,,,,,,https://cdn.shopify.com/s/files/1/0646/5434/4412/products/product-4-4.jpg?v=1657078113,4,,,,,,,,,,,,,,,,,,,,,,
acana-mini-medium-breed,,,,,,,,,,,,,,,,,,,,,,,,,https://cdn.shopify.com/s/files/1/0646/5434/4412/products/product-5-1.jpg?v=1657078113,5,,,,,,,,,,,,,,,,,,,,,,
acana-mini-medium-breed,,,,,,,,,,,,,,,,,,,,,,,,,https://cdn.shopify.com/s/files/1/0646/5434/4412/products/product-5-2.jpg?v=1657078113,6,,,,,,,,,,,,,,,,,,,,,,
acana-mini-medium-breed,,,,,,,,,,,,,,,,,,,,,,,,,https://cdn.shopify.com/s/files/1/0646/5434/4412/products/product-5-3.jpg?v=1657078113,7,,,,,,,,,,,,,,,,,,,,,,
acana-mini-medium-breed,,,,,,,,,,,,,,,,,,,,,,,,,https://cdn.shopify.com/s/files/1/0646/5434/4412/products/product-6-1.jpg?v=1657078113,8,,,,,,,,,,,,,,,,,,,,,,
pet-supplements-for-dog-health,Pet Supplements for Dog Health,"<span data-mce-fragment=""1"">Ziggy’s Pro Conditioner provides the ultimate tangle free conditioning to create the ultimate comfort for your dogs after being shampooed. The Pro Conditioner also utilizes our blend of chamomile and oatmeal extracts to provide a soothing anti-itch effect, our signature deodorizer to provide a long lasting clean, and the same fresh and clean fragrance as our Pro Shampoo. It also contains a unique blend of naturally derived ingredients to create a luxurious finish to the coat, strengthens and protects fur, helps hydrate skin, and provide anti-static properties to prevent flyaway.</span>",Ap Ziggypet,,,"",true,Title,Default Title,,,,,"",0.0,shopify,12,deny,manual,15.50,,true,true,"",https://cdn.shopify.com/s/files/1/0646/5434/4412/products/product-13-1_89118a7c-c93a-400a-97c8-a07ceb942b8b.jpg?v=1657079246,1,,false,,,,,,,,,,,,,,,,,kg,,,active
pet-supplements-for-dog-health,,,,,,,,,,,,,,,,,,,,,,,,,https://cdn.shopify.com/s/files/1/0646/5434/4412/products/product-11-1_4a28a2e4-1064-411e-966c-9dc708c2e5a6.jpg?v=1657079246,2,,,,,,,,,,,,,,,,,,,,,,
pet-supplements-for-dog-health,,,,,,,,,,,,,,,,,,,,,,,,,https://cdn.shopify.com/s/files/1/0646/5434/4412/products/product-9-2_cea8734e-2571-4c35-b6d3-6e06380cd0b2.jpg?v=1657079246,3,,,,,,,,,,,,,,,,,,,,,,
pet-supplements-for-dog-health,,,,,,,,,,,,,,,,,,,,,,,,,https://cdn.shopify.com/s/files/1/0646/5434/4412/products/product-9-3_d3db124c-cf34-4e52-9f6c-6b3b5c54b61a.jpg?v=1657079246,4,,,,,,,,,,,,,,,,,,,,,,
pet-supplements-for-dog-health,,,,,,,,,,,,,,,,,,,,,,,,,https://cdn.shopify.com/s/files/1/0646/5434/4412/products/product-15-1_1d98d268-6cbf-48eb-864f-3593e44d6877.jpg?v=1657079243,5,,,,,,,,,,,,,,,,,,,,,,
pet-supplements-for-dog-health,,,,,,,,,,,,,,,,,,,,,,,,,https://cdn.shopify.com/s/files/1/0646/5434/4412/products/product-16-1_f0e69670-be6d-4f07-9d00-5f891d238177.jpg?v=1657079243,6,,,,,,,,,,,,,,,,,,,,,,
pet-supplements-for-dog-health,,,,,,,,,,,,,,,,,,,,,,,,,https://cdn.shopify.com/s/files/1/0646/5434/4412/products/product-17-1_3c3b68f2-7b59-4e81-ac51-74cb601d42bc.jpg?v=1657079243,7,,,,,,,,,,,,,,,,,,,,,,
pet-supplements-for-dog-health,,,,,,,,,,,,,,,,,,,,,,,,,https://cdn.shopify.com/s/files/1/0646/5434/4412/products/product-18-1.jpg?v=1657079243,8,,,,,,,,,,,,,,,,,,,,,,
pet-supplements-for-dog-health,,,,,,,,,,,,,,,,,,,,,,,,,https://cdn.shopify.com/s/files/1/0646/5434/4412/products/product-19-1.jpg?v=1657079243,9,,,,,,,,,,,,,,,,,,,,,,
now-house-for-pets-ceramic,Now House for Pets Ceramic,"<span data-mce-fragment=""1"">Ziggy’s Pro Conditioner provides the ultimate tangle free conditioning to create the ultimate comfort for your dogs after being shampooed. The Pro Conditioner also utilizes our blend of chamomile and oatmeal extracts to provide a soothing anti-itch effect, our signature deodorizer to provide a long lasting clean, and the same fresh and clean fragrance as our Pro Shampoo. It also contains a unique blend of naturally derived ingredients to create a luxurious finish to the coat, strengthens and protects fur, helps hydrate skin, and provide anti-static properties to prevent flyaway.</span>",Ap Ziggypet,,,"",true,Title,Default Title,,,,,"",0.0,shopify,5,deny,manual,35.00,40.00,true,true,"",https://cdn.shopify.com/s/files/1/0646/5434/4412/products/product-7-3_7148f03f-685d-4fce-8d0d-1d562763c8ed.jpg?v=1657079135,1,,false,,,,,,,,,,,,,,,,,kg,,,active
now-house-for-pets-ceramic,,,,,,,,,,,,,,,,,,,,,,,,,https://cdn.shopify.com/s/files/1/0646/5434/4412/products/product-9-1_86c89e65-0728-4f8a-94d0-50c783ce1a99.jpg?v=1657079135,2,,,,,,,,,,,,,,,,,,,,,,
now-house-for-pets-ceramic,,,,,,,,,,,,,,,,,,,,,,,,,https://cdn.shopify.com/s/files/1/0646/5434/4412/products/product-9-2_7788f943-f022-4c8a-88a8-2da037016116.jpg?v=1657079135,3,,,,,,,,,,,,,,,,,,,,,,
now-house-for-pets-ceramic,,,,,,,,,,,,,,,,,,,,,,,,,https://cdn.shopify.com/s/files/1/0646/5434/4412/products/product-9-3_37ffd6f4-f3a7-4dfd-bda6-6f791bf09d57.jpg?v=1657079135,4,,,,,,,,,,,,,,,,,,,,,,
now-house-for-pets-ceramic,,,,,,,,,,,,,,,,,,,,,,,,,https://cdn.shopify.com/s/files/1/0646/5434/4412/products/product-11-1_8cc4888f-59af-45ec-bf3f-79e66c15bb65.jpg?v=1657079135,5,,,,,,,,,,,,,,,,,,,,,,
now-house-for-pets-ceramic,,,,,,,,,,,,,,,,,,,,,,,,,https://cdn.shopify.com/s/files/1/0646/5434/4412/products/product-13-1.jpg?v=1657079135,6,,,,,,,,,,,,,,,,,,,,,,
now-house-for-pets-ceramic,,,,,,,,,,,,,,,,,,,,,,,,,https://cdn.shopify.com/s/files/1/0646/5434/4412/products/product-15-1.jpg?v=1657079135,7,,,,,,,,,,,,,,,,,,,,,,
now-house-for-pets-ceramic,,,,,,,,,,,,,,,,,,,,,,,,,https://cdn.shopify.com/s/files/1/0646/5434/4412/products/product-16-1.jpg?v=1657079135,8,,,,,,,,,,,,,,,,,,,,,,
cat-unscented-ultra-clumping,Cat Unscented Ultra Clumping,"<span data-mce-fragment=""1"">Ziggy’s Pro Conditioner provides the ultimate tangle free conditioning to create the ultimate comfort for your dogs after being shampooed. The Pro Conditioner also utilizes our blend of chamomile and oatmeal extracts to provide a soothing anti-itch effect, our signature deodorizer to provide a long lasting clean, and the same fresh and clean fragrance as our Pro Shampoo. It also contains a unique blend of naturally derived ingredients to create a luxurious finish to the coat, strengthens and protects fur, helps hydrate skin, and provide anti-static properties to prevent flyaway.</span>",Ap Ziggypet,,,"",true,Title,Default Title,,,,,"",0.0,shopify,40,deny,manual,15.00,,true,true,"",https://cdn.shopify.com/s/files/1/0646/5434/4412/products/product-4-4_636a3b90-0594-4ff0-a15a-f5539bc960b5.jpg?v=1657078293,1,,false,,,,,,,,,,,,,,,,,kg,,,active
cat-unscented-ultra-clumping,,,,,,,,,,,,,,,,,,,,,,,,,https://cdn.shopify.com/s/files/1/0646/5434/4412/products/product-4-3_85318eb6-a2df-425b-b980-26abec3b445a.jpg?v=1657078293,2,,,,,,,,,,,,,,,,,,,,,,
cat-unscented-ultra-clumping,,,,,,,,,,,,,,,,,,,,,,,,,https://cdn.shopify.com/s/files/1/0646/5434/4412/products/product-4-1_0ea617f5-102d-443c-8c8b-2b9a85b8a734.jpg?v=1657078293,3,,,,,,,,,,,,,,,,,,,,,,
cat-unscented-ultra-clumping,,,,,,,,,,,,,,,,,,,,,,,,,https://cdn.shopify.com/s/files/1/0646/5434/4412/products/product-4-2_abb0f9f4-23e0-4328-af77-c67a2ac2dea9.jpg?v=1657078293,4,,,,,,,,,,,,,,,,,,,,,,
cat-unscented-ultra-clumping,,,,,,,,,,,,,,,,,,,,,,,,,https://cdn.shopify.com/s/files/1/0646/5434/4412/products/product-5-1_a8b9aa73-390d-4556-8ff1-e95ccfaf210e.jpg?v=1657078264,5,,,,,,,,,,,,,,,,,,,,,,
cat-unscented-ultra-clumping,,,,,,,,,,,,,,,,,,,,,,,,,https://cdn.shopify.com/s/files/1/0646/5434/4412/products/product-5-2_cbefeb8f-47ed-42cc-a74c-547dc39b714a.jpg?v=1657078265,6,,,,,,,,,,,,,,,,,,,,,,
cat-unscented-ultra-clumping,,,,,,,,,,,,,,,,,,,,,,,,,https://cdn.shopify.com/s/files/1/0646/5434/4412/products/product-5-3_4589b120-d16d-4dc7-8315-291efa725d1b.jpg?v=1657078265,7,,,,,,,,,,,,,,,,,,,,,,
cat-unscented-ultra-clumping,,,,,,,,,,,,,,,,,,,,,,,,,https://cdn.shopify.com/s/files/1/0646/5434/4412/products/product-6-1_320bfedc-8073-488b-a222-d129a8c8b9d8.jpg?v=1657078265,8,,,,,,,,,,,,,,,,,,,,,,
wishbone-durable-dog-chew-toy,Wishbone Durable Dog Chew Toy,"<span data-mce-fragment=""1"">Ziggy’s Pro Conditioner provides the ultimate tangle free conditioning to create the ultimate comfort for your dogs after being shampooed. The Pro Conditioner also utilizes our blend of chamomile and oatmeal extracts to provide a soothing anti-itch effect, our signature deodorizer to provide a long lasting clean, and the same fresh and clean fragrance as our Pro Shampoo. It also contains a unique blend of naturally derived ingredients to create a luxurious finish to the coat, strengthens and protects fur, helps hydrate skin, and provide anti-static properties to prevent flyaway.</span>",Ap Ziggypet,,,"",true,Title,Default Title,,,,,"",0.0,shopify,1,deny,manual,30.00,,true,true,"",https://cdn.shopify.com/s/files/1/0646/5434/4412/products/product-15-1_0abf59a0-49f6-4c7b-9b84-9724c4f44250.jpg?v=1657079275,1,,false,,,,,,,,,,,,,,,,,kg,,,active
wishbone-durable-dog-chew-toy,,,,,,,,,,,,,,,,,,,,,,,,,https://cdn.shopify.com/s/files/1/0646/5434/4412/products/product-9-2_28bac8e6-4804-41fb-a53c-adb5156e8b96.jpg?v=1657079275,2,,,,,,,,,,,,,,,,,,,,,,
wishbone-durable-dog-chew-toy,,,,,,,,,,,,,,,,,,,,,,,,,https://cdn.shopify.com/s/files/1/0646/5434/4412/products/product-9-3_adf82c3c-10f4-4f14-94a7-6bbdb60a5738.jpg?v=1657079275,3,,,,,,,,,,,,,,,,,,,,,,
wishbone-durable-dog-chew-toy,,,,,,,,,,,,,,,,,,,,,,,,,https://cdn.shopify.com/s/files/1/0646/5434/4412/products/product-11-1_816dc714-7fe4-4382-bca6-e212be6e1e0b.jpg?v=1657079275,4,,,,,,,,,,,,,,,,,,,,,,
wishbone-durable-dog-chew-toy,,,,,,,,,,,,,,,,,,,,,,,,,https://cdn.shopify.com/s/files/1/0646/5434/4412/products/product-13-1_04b5fe7e-b4ed-4026-b151-25c35234db4c.jpg?v=1657079275,5,,,,,,,,,,,,,,,,,,,,,,
wishbone-durable-dog-chew-toy,,,,,,,,,,,,,,,,,,,,,,,,,https://cdn.shopify.com/s/files/1/0646/5434/4412/products/product-16-1_35b55a58-391e-45c5-b68d-795869141d58.jpg?v=1657079274,6,,,,,,,,,,,,,,,,,,,,,,
wishbone-durable-dog-chew-toy,,,,,,,,,,,,,,,,,,,,,,,,,https://cdn.shopify.com/s/files/1/0646/5434/4412/products/product-17-1_a46ecf3a-f4ed-4a4d-951f-9aac9b753635.jpg?v=1657079275,7,,,,,,,,,,,,,,,,,,,,,,
wishbone-durable-dog-chew-toy,,,,,,,,,,,,,,,,,,,,,,,,,https://cdn.shopify.com/s/files/1/0646/5434/4412/products/product-18-1_ffb892b0-2b90-461f-8fe0-e325c9bc5f67.jpg?v=1657079275,8,,,,,,,,,,,,,,,,,,,,,,
wishbone-durable-dog-chew-toy,,,,,,,,,,,,,,,,,,,,,,,,,https://cdn.shopify.com/s/files/1/0646/5434/4412/products/product-19-1_da7f8afc-687d-4127-aefd-f191bb848f52.jpg?v=1657079275,9,,,,,,,,,,,,,,,,,,,,,,
now-cat-food-monter,Now Cat Food Monter,"<span data-mce-fragment=""1"">Ziggy’s Pro Conditioner provides the ultimate tangle free conditioning to create the ultimate comfort for your dogs after being shampooed. The Pro Conditioner also utilizes our blend of chamomile and oatmeal extracts to provide a soothing anti-itch effect, our signature deodorizer to provide a long lasting clean, and the same fresh and clean fragrance as our Pro Shampoo. It also contains a unique blend of naturally derived ingredients to create a luxurious finish to the coat, strengthens and protects fur, helps hydrate skin, and provide anti-static properties to prevent flyaway.</span>",Ap Ziggypet,,,"",true,Title,Default Title,,,,,"",0.0,shopify,14,deny,manual,19.99,23.50,true,true,"",https://cdn.shopify.com/s/files/1/0646/5434/4412/products/product-7-1_7206674e-5871-485d-8f82-cfac0967ea0c.jpg?v=1657079109,1,,false,,,,,,,,,,,,,,,,,kg,,,active
now-cat-food-monter,,,,,,,,,,,,,,,,,,,,,,,,,https://cdn.shopify.com/s/files/1/0646/5434/4412/products/product-7-2_f9cb97c8-198c-46eb-a210-826cb871768a.jpg?v=1657079109,2,,,,,,,,,,,,,,,,,,,,,,
now-cat-food-monter,,,,,,,,,,,,,,,,,,,,,,,,,https://cdn.shopify.com/s/files/1/0646/5434/4412/products/product-7-3_6850e729-3b04-4c00-8036-bc56419a450a.jpg?v=1657079110,3,,,,,,,,,,,,,,,,,,,,,,
now-cat-food-monter,,,,,,,,,,,,,,,,,,,,,,,,,https://cdn.shopify.com/s/files/1/0646/5434/4412/products/product-9-1_ac72487f-deac-4009-81d1-3a3ccfa05175.jpg?v=1657079110,4,,,,,,,,,,,,,,,,,,,,,,
now-cat-food-monter,,,,,,,,,,,,,,,,,,,,,,,,,https://cdn.shopify.com/s/files/1/0646/5434/4412/products/product-9-2_71278a90-1336-43eb-ba16-603802b0378d.jpg?v=1657079110,5,,,,,,,,,,,,,,,,,,,,,,
now-cat-food-monter,,,,,,,,,,,,,,,,,,,,,,,,,https://cdn.shopify.com/s/files/1/0646/5434/4412/products/product-9-3_33093d49-eb02-4750-bba5-754e534ad4aa.jpg?v=1657079110,6,,,,,,,,,,,,,,,,,,,,,,
now-cat-food-monter,,,,,,,,,,,,,,,,,,,,,,,,,https://cdn.shopify.com/s/files/1/0646/5434/4412/products/product-11-1.jpg?v=1657079110,7,,,,,,,,,,,,,,,,,,,,,,
me-o-chicken-chunks-in-gravy,Me-O Chicken Chunks in Gravy,"<span data-mce-fragment=""1"">Ziggy’s Pro Conditioner provides the ultimate tangle free conditioning to create the ultimate comfort for your dogs after being shampooed. The Pro Conditioner also utilizes our blend of chamomile and oatmeal extracts to provide a soothing anti-itch effect, our signature deodorizer to provide a long lasting clean, and the same fresh and clean fragrance as our Pro Shampoo. It also contains a unique blend of naturally derived ingredients to create a luxurious finish to the coat, strengthens and protects fur, helps hydrate skin, and provide anti-static properties to prevent flyaway.</span>",Ap Ziggypet,,,"",true,Title,Default Title,,,,,"",0.0,shopify,54,deny,manual,35.00,,true,true,"",https://cdn.shopify.com/s/files/1/0646/5434/4412/products/product-6-1_619049b5-ab7c-4ff9-8ba3-6a260dc3d1fe.jpg?v=1657079079,1,,false,,,,,,,,,,,,,,,,,kg,,,active
me-o-chicken-chunks-in-gravy,,,,,,,,,,,,,,,,,,,,,,,,,https://cdn.shopify.com/s/files/1/0646/5434/4412/products/product-6-2_34225874-d0d7-4327-94a6-ef83f4c70c8e.jpg?v=1657079079,2,,,,,,,,,,,,,,,,,,,,,,
me-o-chicken-chunks-in-gravy,,,,,,,,,,,,,,,,,,,,,,,,,https://cdn.shopify.com/s/files/1/0646/5434/4412/products/product-6-3_dabd1c44-95ed-4630-b1f7-2d962791e183.jpg?v=1657079079,3,,,,,,,,,,,,,,,,,,,,,,
me-o-chicken-chunks-in-gravy,,,,,,,,,,,,,,,,,,,,,,,,,https://cdn.shopify.com/s/files/1/0646/5434/4412/products/product-7-1_647c0507-8777-4862-8f49-82466a36a5e9.jpg?v=1657079079,4,,,,,,,,,,,,,,,,,,,,,,
me-o-chicken-chunks-in-gravy,,,,,,,,,,,,,,,,,,,,,,,,,https://cdn.shopify.com/s/files/1/0646/5434/4412/products/product-7-2_ed3ed61c-fbd6-4e63-801e-d5557c5d84da.jpg?v=1657079079,5,,,,,,,,,,,,,,,,,,,,,,
me-o-chicken-chunks-in-gravy,,,,,,,,,,,,,,,,,,,,,,,,,https://cdn.shopify.com/s/files/1/0646/5434/4412/products/product-7-3_df65301c-0cf4-447c-a14a-81ff5d44d5d6.jpg?v=1657079079,6,,,,,,,,,,,,,,,,,,,,,,
me-o-chicken-chunks-in-gravy,,,,,,,,,,,,,,,,,,,,,,,,,https://cdn.shopify.com/s/files/1/0646/5434/4412/products/product-9-1_7441d36f-a3ff-463b-b47b-7d7bb63f60ba.jpg?v=1657079079,7,,,,,,,,,,,,,,,,,,,,,,
me-o-chicken-chunks-in-gravy,,,,,,,,,,,,,,,,,,,,,,,,,https://cdn.shopify.com/s/files/1/0646/5434/4412/products/product-9-2.jpg?v=1657079079,8,,,,,,,,,,,,,,,,,,,,,,
me-o-chicken-chunks-in-gravy,,,,,,,,,,,,,,,,,,,,,,,,,https://cdn.shopify.com/s/files/1/0646/5434/4412/products/product-9-3.jpg?v=1657079079,9,,,,,,,,,,,,,,,,,,,,,,
drools-adult-1-year-dry,Drools Adult (+1 Year)  Dry,"<span data-mce-fragment=""1"">Ziggy’s Pro Conditioner provides the ultimate tangle free conditioning to create the ultimate comfort for your dogs after being shampooed. The Pro Conditioner also utilizes our blend of chamomile and oatmeal extracts to provide a soothing anti-itch effect, our signature deodorizer to provide a long lasting clean, and the same fresh and clean fragrance as our Pro Shampoo. It also contains a unique blend of naturally derived ingredients to create a luxurious finish to the coat, strengthens and protects fur, helps hydrate skin, and provide anti-static properties to prevent flyaway.</span>",Ap Ziggypet,,,"",true,Title,Default Title,,,,,"",0.0,shopify,35,deny,manual,23.00,31.50,true,true,"",https://cdn.shopify.com/s/files/1/0646/5434/4412/products/product-17-1_77abd233-8e78-4e1b-bf70-d9e1be280105.jpg?v=1657079308,1,,false,,,,,,,,,,,,,,,,,kg,,,active
drools-adult-1-year-dry,,,,,,,,,,,,,,,,,,,,,,,,,https://cdn.shopify.com/s/files/1/0646/5434/4412/products/product-9-2_fef6dc3f-d8e1-4aac-ad55-bba4e85e4482.jpg?v=1657079308,2,,,,,,,,,,,,,,,,,,,,,,
drools-adult-1-year-dry,,,,,,,,,,,,,,,,,,,,,,,,,https://cdn.shopify.com/s/files/1/0646/5434/4412/products/product-9-3_444b501d-87e7-4933-a18c-a5627d30082b.jpg?v=1657079308,3,,,,,,,,,,,,,,,,,,,,,,
drools-adult-1-year-dry,,,,,,,,,,,,,,,,,,,,,,,,,https://cdn.shopify.com/s/files/1/0646/5434/4412/products/product-11-1_938b4eb2-4aa0-4309-a81b-5180f7b1c832.jpg?v=1657079308,4,,,,,,,,,,,,,,,,,,,,,,
drools-adult-1-year-dry,,,,,,,,,,,,,,,,,,,,,,,,,https://cdn.shopify.com/s/files/1/0646/5434/4412/products/product-13-1_3e22fb49-6298-4c3a-bc82-50ed4e30028a.jpg?v=1657079308,5,,,,,,,,,,,,,,,,,,,,,,
drools-adult-1-year-dry,,,,,,,,,,,,,,,,,,,,,,,,,https://cdn.shopify.com/s/files/1/0646/5434/4412/products/product-15-1_1f8f3ac3-66b7-4a57-9aeb-26ba3cab5b0b.jpg?v=1657079308,6,,,,,,,,,,,,,,,,,,,,,,
drools-adult-1-year-dry,,,,,,,,,,,,,,,,,,,,,,,,,https://cdn.shopify.com/s/files/1/0646/5434/4412/products/product-16-1_28668b62-8036-4c4a-8218-3f648241e3b7.jpg?v=1657079308,7,,,,,,,,,,,,,,,,,,,,,,
drools-adult-1-year-dry,,,,,,,,,,,,,,,,,,,,,,,,,https://cdn.shopify.com/s/files/1/0646/5434/4412/products/product-18-1_2472047c-4196-444c-b362-3eca340727bb.jpg?v=1657079308,8,,,,,,,,,,,,,,,,,,,,,,
drools-adult-1-year-dry,,,,,,,,,,,,,,,,,,,,,,,,,https://cdn.shopify.com/s/files/1/0646/5434/4412/products/product-19-1_32075db5-840c-4547-a6a6-3d32f2631951.jpg?v=1657079308,9,,,,,,,,,,,,,,,,,,,,,,
applaws-natural-cat-food,Applaws Natural Cat Food,"<span data-mce-fragment=""1"">Ziggy’s Pro Conditioner provides the ultimate tangle free conditioning to create the ultimate comfort for your dogs after being shampooed. The Pro Conditioner also utilizes our blend of chamomile and oatmeal extracts to provide a soothing anti-itch effect, our signature deodorizer to provide a long lasting clean, and the same fresh and clean fragrance as our Pro Shampoo. It also contains a unique blend of naturally derived ingredients to create a luxurious finish to the coat, strengthens and protects fur, helps hydrate skin, and provide anti-static properties to prevent flyaway.</span>",Ap Ziggypet,,,"",true,Title,Default Title,,,,,"",0.0,shopify,5,deny,manual,19.99,,true,true,"",https://cdn.shopify.com/s/files/1/0646/5434/4412/products/product-4-2_ffbc6e73-9694-4d50-abf0-52c438b3d067.jpg?v=1657078139,1,,false,,,,,,,,,,,,,,,,,kg,,,active
applaws-natural-cat-food,,,,,,,,,,,,,,,,,,,,,,,,,https://cdn.shopify.com/s/files/1/0646/5434/4412/products/product-4-3_24646f6b-5115-468a-948a-b38415a591b2.jpg?v=1657078140,2,,,,,,,,,,,,,,,,,,,,,,
applaws-natural-cat-food,,,,,,,,,,,,,,,,,,,,,,,,,https://cdn.shopify.com/s/files/1/0646/5434/4412/products/product-4-4_c93b303c-5ded-4e55-bf1d-598b7eb5c568.jpg?v=1657078140,3,,,,,,,,,,,,,,,,,,,,,,
applaws-natural-cat-food,,,,,,,,,,,,,,,,,,,,,,,,,https://cdn.shopify.com/s/files/1/0646/5434/4412/products/product-5-1_5ae74946-c97f-4540-a665-adcd93f9f9b4.jpg?v=1657078140,4,,,,,,,,,,,,,,,,,,,,,,
applaws-natural-cat-food,,,,,,,,,,,,,,,,,,,,,,,,,https://cdn.shopify.com/s/files/1/0646/5434/4412/products/product-5-2_44f90f5d-7beb-4e29-8274-3b77c76765d0.jpg?v=1657078140,5,,,,,,,,,,,,,,,,,,,,,,
applaws-natural-cat-food,,,,,,,,,,,,,,,,,,,,,,,,,https://cdn.shopify.com/s/files/1/0646/5434/4412/products/product-5-3_de5cbbc7-bc42-4360-b47a-6deda731f748.jpg?v=1657078140,6,,,,,,,,,,,,,,,,,,,,,,
applaws-natural-cat-food,,,,,,,,,,,,,,,,,,,,,,,,,https://cdn.shopify.com/s/files/1/0646/5434/4412/products/product-6-1_c9ce3cdd-b4c9-45ed-877a-1b6cb96bab33.jpg?v=1657078140,7,,,,,,,,,,,,,,,,,,,,,,
applaws-natural-cat-food,,,,,,,,,,,,,,,,,,,,,,,,,https://cdn.shopify.com/s/files/1/0646/5434/4412/products/product-6-2.jpg?v=1657078140,8,,,,,,,,,,,,,,,,,,,,,,
arden-grange-chicken-potato,Arden Grange Chicken & Potato,"<span data-mce-fragment=""1"">Ziggy’s Pro Conditioner provides the ultimate tangle free conditioning to create the ultimate comfort for your dogs after being shampooed. The Pro Conditioner also utilizes our blend of chamomile and oatmeal extracts to provide a soothing anti-itch effect, our signature deodorizer to provide a long lasting clean, and the same fresh and clean fragrance as our Pro Shampoo. It also contains a unique blend of naturally derived ingredients to create a luxurious finish to the coat, strengthens and protects fur, helps hydrate skin, and provide anti-static properties to prevent flyaway.</span>",Ap Ziggypet,,,"",true,Title,Default Title,,,,,"",0.0,shopify,10,deny,manual,16.30,23.50,true,true,"",https://cdn.shopify.com/s/files/1/0646/5434/4412/products/product-4-3_f292c14d-ea8f-403b-aa78-4846135d2edd.jpg?v=1657078217,1,,false,,,,,,,,,,,,,,,,,kg,,,active
arden-grange-chicken-potato,,,,,,,,,,,,,,,,,,,,,,,,,https://cdn.shopify.com/s/files/1/0646/5434/4412/products/product-4-4_6f3b954e-2be0-4d2c-869f-36617896b361.jpg?v=1657078218,2,,,,,,,,,,,,,,,,,,,,,,
arden-grange-chicken-potato,,,,,,,,,,,,,,,,,,,,,,,,,https://cdn.shopify.com/s/files/1/0646/5434/4412/products/product-5-1_c93adccf-bf0b-4988-90be-c64bbe71e181.jpg?v=1657078218,3,,,,,,,,,,,,,,,,,,,,,,
arden-grange-chicken-potato,,,,,,,,,,,,,,,,,,,,,,,,,https://cdn.shopify.com/s/files/1/0646/5434/4412/products/product-5-2_06e740f6-0f03-40c2-a72d-79039a1cd13a.jpg?v=1657078218,4,,,,,,,,,,,,,,,,,,,,,,
arden-grange-chicken-potato,,,,,,,,,,,,,,,,,,,,,,,,,https://cdn.shopify.com/s/files/1/0646/5434/4412/products/product-5-3_a115f8ff-dd62-411c-bc40-56cd023d2d68.jpg?v=1657078218,5,,,,,,,,,,,,,,,,,,,,,,
arden-grange-chicken-potato,,,,,,,,,,,,,,,,,,,,,,,,,https://cdn.shopify.com/s/files/1/0646/5434/4412/products/product-6-1_5d4c60cd-1448-45e3-a92c-292d08acaa8a.jpg?v=1657078218,6,,,,,,,,,,,,,,,,,,,,,,
arden-grange-chicken-potato,,,,,,,,,,,,,,,,,,,,,,,,,https://cdn.shopify.com/s/files/1/0646/5434/4412/products/product-6-2_f389929d-fc59-41c1-acc3-823f52f0ac57.jpg?v=1657078218,7,,,,,,,,,,,,,,,,,,,,,,
arden-grange-chicken-potato,,,,,,,,,,,,,,,,,,,,,,,,,https://cdn.shopify.com/s/files/1/0646/5434/4412/products/product-6-3.jpg?v=1657078218,8,,,,,,,,,,,,,,,,,,,,,,
